UndergraduateMajor,StartingMedianSalary,MidCareerMedianSalary,PercentchangefromStartingtoMidCareerSalary,MidCareer10thPercentileSalary,MidCareer25thPercentileSalary,MidCareer75thPercentileSalary,MidCareer90thPercentileSalary
Economics,50100,98600,96.8,50600,70600,145000,210000
Finance,47900,88300,84.3,47200,62100,128000,195000
Chemical Engineering,63200,107000,69.3,71900,87300,143000,194000
Math,45400,92400,103.5,45200,64200,128000,183000
Physics,50300,97300,93.4,56000,74200,132000,178000
Marketing,40800,79600,95.1,42100,55600,119000,175000
Industrial Engineering,57700,94700,64.1,57100,72300,132000,173000
Construction,53700,88900,65.5,56300,68100,118000,171000
Philosophy,39900,81200,103.5,35500,52800,127000,168000
Political Science,40800,78200,91.7,41200,55300,114000,168000
Electrical Engineering,60900,103000,69.1,69300,83800,130000,168000
Mechanical Engineering,57900,93600,61.7,63700,76200,120000,163000
Computer Engineering,61400,105000,71,66100,84100,135000,162000
Aerospace Engineering,57700,101000,75,64300,82100,127000,161000
International Relations,40900,80900,97.8,38200,56000,111000,157000
Geology,43500,79500,82.8,45000,59600,101000,156000
Computer Science,55900,95500,70.8,56000,74900,122000,154000
Drama,35900,56900,58.5,36700,41300,79100,153000
Accounting,46000,77100,67.6,42200,56100,108000,152000
Agriculture,42600,71900,68.8,36300,52100,96300,150000
History,39200,71000,81.1,37000,49200,103000,149000
Chemistry,42600,79900,87.6,45300,60700,108000,148000
Civil Engineering,53900,90500,67.9,63400,75100,115000,148000
Business Management,43000,72100,67.7,38800,51500,102000,147000
Management Information Systems (MIS),49200,82300,67.3,45300,60500,108000,146000
Journalism,35600,66700,87.4,38400,48300,97700,145000
Communications,38100,70000,83.7,37500,49700,98800,143000
Anthropology,36800,61500,67.1,33800,45500,89300,138000
Film,37900,68500,80.7,33900,45500,100000,136000
Architecture,41600,76800,84.6,50600,62200,97000,136000
Biology,38800,64800,67,36900,47400,94500,135000
Music,35900,55000,53.2,26700,40200,88000,134000
English,38000,64700,70.3,33400,44800,93200,133000
Geography,41200,65500,59,40000,50000,90800,132000
Information Technology (IT),49100,74800,52.3,44500,56700,96700,129000
Psychology,35900,60400,68.2,31600,42100,87500,127000
Art History,35800,64900,81.3,28800,42200,87400,125000
Hospitality & Tourism,37800,57500,52.1,35500,43600,81900,124000
Physician Assistant,74300,91700,23.4,66400,75200,108000,124000
Sociology,36500,58200,59.5,30700,40400,81200,118000
Graphic Design,35700,59800,67.5,36000,45500,80800,112000
Forestry,39100,62600,60.1,41000,49300,78200,111000
Criminal Justice,35000,56300,60.9,32200,41600,80700,107000
Interior Design,36100,53200,47.4,35700,42600,72500,107000
Education,34900,52000,49,29300,37900,73400,102000
Health Care Administration,38800,60600,56.2,34600,45600,78800,101000
Nutrition,39900,55300,38.6,33900,44500,70500,99200
Nursing,54200,67000,23.6,47600,56400,80900,98300
Spanish,34000,53100,56.2,31000,40000,76800,96400
Religion,34100,52000,52.5,29700,36500,70900,96400